actor,last_event
abhi,2018-03-01 05:57:17
abiogenesis-now,2018-02-13 17:26:10
adamreese,2017-04-18 22:32:29
ajitak,2018-01-02 06:33:54
aknuds1,2018-01-15 15:18:42
alejandroEsc,2017-06-07 17:15:51
alexandercampbell,2017-08-18 18:49:08
alex-mohr,2017-05-03 18:17:43
alfred-huangjian,2017-01-05 10:14:49
AlmogBaku,2018-01-04 18:42:52
alrs,2017-10-26 17:25:37
a-mccarthy,2017-08-18 13:27:23
Amey-D,2017-06-08 21:02:43
amygdala,2016-05-03 02:20:30
andreykurilin,2016-08-22 15:06:41
andronat,2017-10-31 12:22:17
asalkeld,2017-07-05 00:41:49
ashcrow,2018-02-07 19:03:42
asultan001,2017-01-09 23:24:25
bdbauer,2017-08-28 22:52:12
benjigoldberg,2018-03-06 16:53:52
bgrant0607-cc,Never
bgrant0607-nocc,2016-01-11 23:20:03
bluebreezecf,2017-04-21 03:22:44
bmelville,2017-11-30 19:31:16
bparees,2018-03-05 15:19:22
bprashanth,2017-10-26 11:28:13
burmanm,2018-01-29 19:07:04
cadvisorJenkinsBot,2016-01-15 03:52:07
cameronbrunner,2017-06-22 15:05:51
carrodher,2017-09-19 13:21:37
cgilmour,2018-02-07 23:07:37
cheyang,2018-02-28 00:55:20
chrisglass,2018-02-08 09:48:10
christian-roggia,2017-10-25 00:58:41
chuckbutler,2018-03-05 21:44:50
colhom,2017-08-07 15:57:14
csrwng,2018-02-15 14:39:41
czahedi,2017-08-16 00:37:14
danpaik,2017-08-22 16:36:54
dgoodwin,2018-02-15 17:14:39
Dingshujie,2017-01-05 15:29:58
drinktee,2018-02-01 02:24:19
dshulyak,2018-01-26 13:13:57
dubstack,2016-09-23 16:07:40
ecordell,2017-09-12 21:57:15
eghobo,2018-03-07 19:31:57
elg0nz,2017-02-28 18:49:39
emaildanwilson,2017-11-06 20:24:36
emsearcy,2017-11-22 00:21:00
ethernetdan,2018-02-22 22:20:03
ezeev,2017-11-09 01:16:02
fabianofranz,2017-12-21 17:08:02
fgrzadkowski,2017-11-24 11:11:26
Frostman,2016-07-08 12:58:44
gabrtv,2016-05-15 20:37:01
ghodss,2017-06-26 22:23:59
gluke77,2016-10-20 11:22:41
goruha,Never
grahamawelch-zz,Never
gsasha,Never
gtank,2016-10-12 18:34:04
haibinxie,2017-10-24 17:37:03
hanjiayao,2017-12-08 02:59:12
HardySimpson,2017-05-31 02:19:12
harlowja,2017-01-29 02:37:57
hkaj,2017-04-05 18:43:49
hodovska,2017-03-01 15:20:58
hongbin,2015-12-15 15:59:54
huangyuqi,2016-12-15 05:54:31
Hui-Zhi,2017-07-21 03:11:41
hw-qiaolei,2017-01-05 04:28:47
icereval,2018-02-01 02:40:03
ikester,2016-10-25 18:29:33
irabinovitch,2016-11-09 00:48:30
iT2afL0rd,2017-04-06 02:31:32
itayariel,2016-05-18 09:03:37
jbhurat,2017-02-15 15:59:37
jcbsmpsn,2017-10-13 00:03:15
jdavis7257,2018-01-14 19:16:57
jdef,2018-01-26 13:58:33
jdolitsky,2017-03-12 06:32:37
jiangyaoguo,2016-07-13 11:24:56
jimmycuadra,2017-10-23 22:52:38
jlowdermilk,2017-11-20 18:20:16
johanatan,2016-08-05 05:54:16
johnwilkes,2016-10-27 18:51:18
josvazg,Never
jsoriano,2017-12-05 09:36:59
jszczepkowski,2017-07-21 13:18:17
juan131,Never
juliaferraioli,2015-07-06 23:44:00
k8s-bot,2016-09-28 16:35:26
k8s-cherrypick-bot,2018-03-16 20:27:37
k8s-external-contributor,Never
k8s-mirror-api-machinery-api-reviews,2017-05-12 17:42:56
k8s-mirror-api-machinery-bugs,Never
k8s-mirror-api-machinery-feature-rqusts,Never
k8s-mirror-api-machinery-misc,Never
k8s-mirror-api-machinery-proposals,Never
k8s-mirror-api-machinery-pr-reviews,Never
k8s-mirror-api-machinery-test-failures,Never
k8s-mirror-api-reviews,Never
k8s-mirror-architecture-api-reviews,Never
k8s-mirror-architecture-bugs,Never
k8s-mirror-architecture-feature-request,Never
k8s-mirror-architecture-misc,Never
k8s-mirror-architecture-proposals,Never
k8s-mirror-architecture-pr-reviews,Never
k8s-mirror-architecture-test-failures,Never
k8s-mirror-auth-api-reviews,Never
k8s-mirror-auth-bugs,Never
k8s-mirror-auth-feature-requests,Never
k8s-mirror-auth-misc,Never
k8s-mirror-auth-proposals,Never
k8s-mirror-auth-pr-reviews,Never
k8s-mirror-auth-test-failures,Never
k8s-mirror-azure-api-reviews,Never
k8s-mirror-azure-bugs,Never
k8s-mirror-azure-feature-requests,Never
k8s-mirror-azure-misc,Never
k8s-mirror-azure-proposals,Never
k8s-mirror-azure-pr-reviews,Never
k8s-mirror-azure-test-failures,Never
k8s-mirror-cli-api-reviews,2017-02-13 17:41:46
k8s-mirror-cli-bugs,Never
k8s-mirror-cli-feature-requests,Never
k8s-mirror-cli-misc,2017-02-02 06:01:28
k8s-mirror-cli-proposals,Never
k8s-mirror-cli-pr-reviews,Never
k8s-mirror-cli-test-failures,Never
k8s-mirror-cluster-lifecycle-api-review,Never
k8s-mirror-cluster-lifecycle-bugs,Never
k8s-mirror-cluster-lifecycle-feature-re,Never
k8s-mirror-cluster-lifecycle-misc,Never
k8s-mirror-cluster-lifecycle-proposals,Never
k8s-mirror-cluster-lifecycle-pr-reviews,Never
k8s-mirror-cluster-lifecycle-test-failu,Never
k8s-mirror-gcp-api-reviews,Never
k8s-mirror-gcp-bugs,Never
k8s-mirror-gcp-feature-requests,Never
k8s-mirror-gcp-misc,Never
k8s-mirror-gcp-proposals,Never
k8s-mirror-gcp-pr-reviews,Never
k8s-mirror-gcp-test-failures,Never
k8s-mirror-ibmcloud-misc,Never
k8s-mirror-release-api-reviews,Never
k8s-mirror-release-bugs,Never
k8s-mirror-release-feature-requests,Never
k8s-mirror-release-misc,Never
k8s-mirror-release-proposals,Never
k8s-mirror-release-pr-reviews,Never
k8s-mirror-release-test-failures,Never
k8s-mirror-scalability-api-reviews,Never
k8s-mirror-scalability-bugs,Never
k8s-mirror-scalability-feature-requests,Never
k8s-mirror-scalability-misc,Never
k8s-mirror-scalability-proposals,Never
k8s-mirror-scalability-pr-reviews,Never
k8s-mirror-scalability-test-failures,Never
k8s-mirror-storage-bugs,2017-02-06 08:39:49
k8s-mirror-storage-feature-requests,Never
k8s-mirror-storage-misc,Never
k8s-mirror-storage-proposals,Never
k8s-mirror-storage-pr-reviews,Never
k8s-mirror-storage-test-failures,Never
k8s-mirror-testing-api-reviews,Never
k8s-mirror-testing-bugs,Never
k8s-mirror-testing-feature-requests,Never
k8s-mirror-testing-misc,Never
k8s-mirror-testing-proposals,Never
k8s-mirror-testing-pr-reviews,Never
k8s-mirror-testing-test-failures,Never
k8s-mirror-vmware-bugs,Never
k8s-mirror-vmware-misc,Never
k8s-mirror-vmware-proposals,Never
k8s-mirror-vmware-test-failures,Never
k8s-mirror-wg-iot-edge,Never
k8s-oncall,2016-12-02 01:03:34
k8s-publish-robot,Never
k8s-reviewable,2018-03-03 11:08:04
k8s-sig-onprem-api-reviews,Never
k8s-sig-onprem-bugs,Never
k8s-sig-onprem-feature-requests,Never
k8s-sig-onprem-misc,Never
k8s-sig-onprem-proposals,Never
k8s-sig-onprem-pr-reviews,Never
k8s-sig-onprem-test-failures,Never
k8s-sig-openstack-api-reviews,Never
k8s-sig-openstack-bugs,Never
k8s-sig-openstack-feature-requests,Never
k8s-sig-openstack-proposals,Never
k8s-sig-openstack-pr-reviews,Never
k8s-sig-openstack-test-failures,Never
k8s-slack,2015-08-28 22:11:47
Kashomon,2018-03-20 17:10:52
kelseyhightower,2017-10-03 10:40:57
kerneltime,2018-02-05 22:20:12
lachie83,2018-03-17 05:18:14
linfan,2016-12-25 16:39:53
lukasredynk,2017-02-17 11:39:42
lukaszo,2018-01-31 22:12:04
lukemarsden,2017-11-22 13:22:37
luomiao,2018-01-13 03:49:57
magicwang-cn,2017-08-15 06:31:52
markturansky,2017-06-09 15:09:18
matchstick,2017-10-06 03:34:17
mattf,2018-01-13 12:33:33
matthiasr,2018-01-08 09:52:28
mattmoyer,2018-01-26 17:23:48
mattthias,2017-01-03 20:01:12
mbruzek,2017-10-23 13:54:25
mburke5678,2017-06-22 20:21:51
mdelio,2017-05-04 20:55:47
mgoodness,2017-10-10 21:37:24
mgr01,2015-11-19 14:59:29
mhenc,2017-03-03 08:01:28
mijajasinski,2018-01-24 13:44:41
MikeJeffrey,2015-11-07 16:51:43
mikejihbe,2016-10-03 16:49:38
mike-saparov,2016-08-16 23:40:56
monadic,2017-03-21 20:36:25
mwringe,2017-05-31 18:59:09
ngtuna,2018-01-04 03:37:42
nhlfr,2017-10-24 07:53:08
OddBloke,Never
olekzabl,2018-01-08 10:17:37
paulczar,2018-02-13 20:37:36
PeWu,2015-11-27 10:30:46
Phillels,2018-03-05 18:42:15
philroche,Never
pigmej,2017-08-01 13:45:14
pipejakob,2018-03-07 18:15:20
porridge,2018-03-10 12:40:53
preillyme,2016-09-14 17:01:10
procrypt,2017-07-12 09:29:01
pshahzeb,2017-11-09 00:56:06
pskrzyns,2017-04-03 13:20:19
pupapaik,2016-01-26 09:44:47
radhikapc,2018-03-10 22:31:32
ramr,2017-02-06 07:01:42
rcj4747,Never
rendhalver,Never
rjnagal,2015-08-25 22:12:37
robertojrojas,2018-01-08 00:26:57
rohitjogvmw,2018-03-01 23:52:27
ronnielai,2016-08-27 04:54:33
rothgar,2018-01-11 22:37:54
rrmckinley,2015-08-13 16:30:25
russellb,2017-12-08 19:04:09
rustyrobot,2017-01-09 23:19:48
rutsky,2017-11-20 00:17:25
sakshamsharma,2017-12-29 13:33:39
sameersbn,2017-06-10 07:14:00
satnam6502,2016-01-27 21:01:21
SebastianM,2016-12-22 08:34:20
sgoings,2017-02-10 17:14:38
shaominchen,2018-01-03 19:30:04
shtatfeld,2018-03-06 05:26:36
siwyd,Never
sjpotter,2017-06-10 02:48:08
SlickNik,Never
sparkprime,2017-08-27 20:03:15
SrinivasChilveri,2017-08-09 02:48:38
sylwekb,Never
technosophos,2018-02-26 22:20:16
theairkit,2017-03-22 11:34:18
thelinuxfoundation,2017-05-08 16:20:10
therc,2018-02-12 15:33:04
timstclair,2017-07-10 21:13:13
timstoop,2018-01-02 13:04:12
tmrts,2017-04-23 09:50:29
tompizmor,2017-06-09 16:32:10
vagababov,Never
vaikas-google,2018-01-31 00:00:58
varshavaradarajan,Never
vefimova,2017-03-28 16:07:09
vmarmol,2015-10-06 16:33:57
wattsteve,2017-05-18 16:01:27
willb,2016-12-13 04:21:25
WilliamDenniss,2017-11-13 23:25:33
william-tran,2018-02-04 06:15:23
XiaoningDing,2018-02-21 04:59:24
xsgordon,2018-01-10 21:14:03
xvello,Never
yinghan,2017-06-06 18:51:56
yissachar,2018-02-07 19:53:00
zen,2017-06-21 08:29:24
zhill,Never
